{
  "status": "ok",
  "predictions": [
    {
      "age_estimation": 30,
      "detection_box": [
        0.07421875,
        0.38404726735598227,
        0.3125,
        0.6587887740029542
      ]
    }
  ]
}